Timestamp,IP Address,City,Country,Org,Latitude,Longitude,Accuracy,User Agent
"2025-09-08 21:45:02","188.155.84.175","Zürich","CH","","46.46895759486798","6.825922310637842","35","Mozilla/5.0 (Macintosh; Intel Mac OS X 10_15_7) AppleWebKit/537.36 (KHTML, like Gecko) Chrome/139.0.0.0 Safari/537.36"
"2025-09-09 22:55:05","188.155.84.175","Zürich","CH","","46.468775027517104","6.825856020744196","42","Mozilla/5.0 (Macintosh; Intel Mac OS X 10_15_7) AppleWebKit/537.36 (KHTML, like Gecko) Chrome/139.0.0.0 Safari/537.36"
"2025-09-10 07:01:10","188.155.84.175","Zürich","CH","Cloudflare","","","","Mozilla/5.0 (iPhone; CPU iPhone OS 18_6_2 like Mac OS X) AppleWebKit/605.1.15 (KHTML, like Gecko) Version/18.6 Mobile/15E148 Safari/604.1"
"2025-09-10 07:01:13","188.155.84.175","Zürich","CH","","46.46897528964502","6.825927602276467","19.735057053130525","Mozilla/5.0 (iPhone; CPU iPhone OS 18_6_2 like Mac OS X) AppleWebKit/605.1.15 (KHTML, like Gecko) Version/18.6 Mobile/15E148 Safari/604.1"
"2025-09-10 07:22:48","188.155.84.175","Zürich","CH","Cloudflare","","","","Mozilla/5.0 (iPad; CPU OS 18_6_2 like Mac OS X) AppleWebKit/605.1.15 (KHTML, like Gecko) CriOS/140.0.7339.101 Mobile/15E148 Safari/604.1"
"2025-09-10 07:23:53","188.155.84.175","Zürich","CH","Cloudflare","","","","Mozilla/5.0 (iPad; CPU OS 18_6_2 like Mac OS X) AppleWebKit/605.1.15 (KHTML, like Gecko) CriOS/140.0.7339.101 Mobile/15E148 Safari/604.1"
"2025-09-10 07:23:57","188.155.84.175","Zürich","CH","","46.46910489253102","6.825956654964371","22.60","Mozilla/5.0 (iPad; CPU OS 18_6_2 like Mac OS X) AppleWebKit/605.1.15 (KHTML, like Gecko) CriOS/140.0.7339.101 Mobile/15E148 Safari/604.1"
"2025-09-10 08:30:15","178.197.198.228","Zürich","CH","Cloudflare","","","","Mozilla/5.0 (iPhone; CPU iPhone OS 18_6_2 like Mac OS X) AppleWebKit/605.1.15 (KHTML, like Gecko) Version/18.6 Mobile/15E148 Safari/604.1"
"2025-09-10 08:30:33","178.197.198.228","Zürich","CH","","46.47197266225787","6.8338673020574765","19.977232983488047","Mozilla/5.0 (iPhone; CPU iPhone OS 18_6_2 like Mac OS X) AppleWebKit/605.1.15 (KHTML, like Gecko) Version/18.6 Mobile/15E148 Safari/604.1"
"2025-09-10 10:22:27","188.155.84.175","Zürich","CH","Cloudflare","","","","Mozilla/5.0 (Macintosh; Intel Mac OS X 10_15_7) AppleWebKit/537.36 (KHTML, like Gecko) Chrome/139.0.0.0 Safari/537.36"
"2025-09-10 10:22:28","188.155.84.175","Zürich","CH","Cloudflare","","","","Mozilla/5.0 (Macintosh; Intel Mac OS X 10_15_7) AppleWebKit/537.36 (KHTML, like Gecko) Chrome/139.0.0.0 Safari/537.36"
"2025-09-10 10:22:30","188.155.84.175","Zürich","CH","Cloudflare","","","","Mozilla/5.0 (Macintosh; Intel Mac OS X 10_15_7) AppleWebKit/537.36 (KHTML, like Gecko) Chrome/139.0.0.0 Safari/537.36"
"2025-09-10 10:22:32","188.155.84.175","Zürich","CH","Cloudflare","","","","Mozilla/5.0 (Macintosh; Intel Mac OS X 10_15_7) AppleWebKit/537.36 (KHTML, like Gecko) Chrome/139.0.0.0 Safari/537.36"
"2025-09-10 10:22:34","188.155.84.175","Zürich","CH","Cloudflare","","","","Mozilla/5.0 (Macintosh; Intel Mac OS X 10_15_7) AppleWebKit/537.36 (KHTML, like Gecko) Chrome/139.0.0.0 Safari/537.36"
"2025-09-10 10:22:35","188.155.84.175","Zürich","CH","Cloudflare","","","","Mozilla/5.0 (Macintosh; Intel Mac OS X 10_15_7) AppleWebKit/537.36 (KHTML, like Gecko) Chrome/139.0.0.0 Safari/537.36"
"2025-09-10 10:22:36","188.155.84.175","Zürich","CH","Cloudflare","","","","Mozilla/5.0 (Macintosh; Intel Mac OS X 10_15_7) AppleWebKit/537.36 (KHTML, like Gecko) Chrome/139.0.0.0 Safari/537.36"
"2025-09-10 10:22:37","188.155.84.175","Zürich","CH","Cloudflare","","","","Mozilla/5.0 (Macintosh; Intel Mac OS X 10_15_7) AppleWebKit/537.36 (KHTML, like Gecko) Chrome/139.0.0.0 Safari/537.36"
"2025-09-10 10:22:41","188.155.84.175","Zürich","CH","Cloudflare","","","","Mozilla/5.0 (Macintosh; Intel Mac OS X 10_15_7) AppleWebKit/537.36 (KHTML, like Gecko) Chrome/139.0.0.0 Safari/537.36"
"2025-09-10 10:22:41","188.155.84.175","Zürich","CH","Cloudflare","","","","Mozilla/5.0 (Macintosh; Intel Mac OS X 10_15_7) AppleWebKit/537.36 (KHTML, like Gecko) Chrome/139.0.0.0 Safari/537.36"
"2025-09-10 10:22:42","188.155.84.175","Zürich","CH","Cloudflare","","","","Mozilla/5.0 (Macintosh; Intel Mac OS X 10_15_7) AppleWebKit/537.36 (KHTML, like Gecko) Chrome/139.0.0.0 Safari/537.36"
"2025-09-10 10:22:48","188.155.84.175","Zürich","CH","Cloudflare","","","","Mozilla/5.0 (Macintosh; Intel Mac OS X 10_15_7) AppleWebKit/605.1.15 (KHTML, like Gecko) Version/18.6 Safari/605.1.15"
"2025-09-10 10:22:49","188.155.84.175","Zürich","CH","Cloudflare","","","","Mozilla/5.0 (Macintosh; Intel Mac OS X 10_15_7) AppleWebKit/605.1.15 (KHTML, like Gecko) Version/18.6 Safari/605.1.15"
"2025-09-10 10:22:50","188.155.84.175","Zürich","CH","Cloudflare","","","","Mozilla/5.0 (Macintosh; Intel Mac OS X 10_15_7) AppleWebKit/605.1.15 (KHTML, like Gecko) Version/18.6 Safari/605.1.15"
"2025-09-10 10:22:59","188.155.84.175","Zürich","CH","Cloudflare","","","","Mozilla/5.0 (Macintosh; Intel Mac OS X 10_15_7) AppleWebKit/605.1.15 (KHTML, like Gecko) Version/18.6 Safari/605.1.15"
"2025-09-10 10:22:59","188.155.84.175","Zürich","CH","Cloudflare","","","","Mozilla/5.0 (Macintosh; Intel Mac OS X 10_15_7) AppleWebKit/605.1.15 (KHTML, like Gecko) Version/18.6 Safari/605.1.15"
"2025-09-10 10:23:00","188.155.84.175","Zürich","CH","Cloudflare","","","","Mozilla/5.0 (Macintosh; Intel Mac OS X 10_15_7) AppleWebKit/605.1.15 (KHTML, like Gecko) Version/18.6 Safari/605.1.15"
"2025-09-10 10:23:00","188.155.84.175","Zürich","CH","Cloudflare","","","","Mozilla/5.0 (Macintosh; Intel Mac OS X 10_15_7) AppleWebKit/605.1.15 (KHTML, like Gecko) Version/18.6 Safari/605.1.15"
"2025-09-10 10:23:01","188.155.84.175","Zürich","CH","Cloudflare","","","","Mozilla/5.0 (Macintosh; Intel Mac OS X 10_15_7) AppleWebKit/605.1.15 (KHTML, like Gecko) Version/18.6 Safari/605.1.15"
"2025-09-10 10:23:36","188.155.84.175","Zürich","CH","Cloudflare","","","","Mozilla/5.0 (iPhone; CPU iPhone OS 18_6_2 like Mac OS X) AppleWebKit/605.1.15 (KHTML, like Gecko) CriOS/140.0.7339.101 Mobile/15E148 Safari/604.1"
"2025-09-10 10:23:39","188.155.84.175","Zürich","CH","Cloudflare","","","","Mozilla/5.0 (iPhone; CPU iPhone OS 18_6_2 like Mac OS X) AppleWebKit/605.1.15 (KHTML, like Gecko) CriOS/140.0.7339.101 Mobile/15E148 Safari/604.1"
"2025-09-10 10:23:40","188.155.84.175","Zürich","CH","Cloudflare","","","","Mozilla/5.0 (iPhone; CPU iPhone OS 18_6_2 like Mac OS X) AppleWebKit/605.1.15 (KHTML, like Gecko) CriOS/140.0.7339.101 Mobile/15E148 Safari/604.1"
"2025-09-10 10:23:42","188.155.84.175","Zürich","CH","Cloudflare","","","","Mozilla/5.0 (iPhone; CPU iPhone OS 18_6_2 like Mac OS X) AppleWebKit/605.1.15 (KHTML, like Gecko) CriOS/140.0.7339.101 Mobile/15E148 Safari/604.1"
"2025-09-10 10:23:43","188.155.84.175","Zürich","CH","Cloudflare","","","","Mozilla/5.0 (iPhone; CPU iPhone OS 18_6_2 like Mac OS X) AppleWebKit/605.1.15 (KHTML, like Gecko) CriOS/140.0.7339.101 Mobile/15E148 Safari/604.1"
"2025-09-10 10:24:41","188.155.84.175","Zürich","CH","Cloudflare","","","","Mozilla/5.0 (Macintosh; Intel Mac OS X 10_15_7) AppleWebKit/605.1.15 (KHTML, like Gecko) Version/18.6 Safari/605.1.15"
"2025-09-10 10:27:11","188.155.84.175","Zürich","CH","Cloudflare","","","","Mozilla/5.0 (Macintosh; Intel Mac OS X 10_15_7) AppleWebKit/605.1.15 (KHTML, like Gecko) Version/18.6 Safari/605.1.15"
"2025-09-10 10:27:13","188.155.84.175","Zürich","CH","Cloudflare","","","","Mozilla/5.0 (Macintosh; Intel Mac OS X 10_15_7) AppleWebKit/605.1.15 (KHTML, like Gecko) Version/18.6 Safari/605.1.15"
"2025-09-10 10:27:14","188.155.84.175","Zürich","CH","Cloudflare","","","","Mozilla/5.0 (Macintosh; Intel Mac OS X 10_15_7) AppleWebKit/605.1.15 (KHTML, like Gecko) Version/18.6 Safari/605.1.15"
"2025-09-10 10:27:15","188.155.84.175","Zürich","CH","Cloudflare","","","","Mozilla/5.0 (Macintosh; Intel Mac OS X 10_15_7) AppleWebKit/605.1.15 (KHTML, like Gecko) Version/18.6 Safari/605.1.15"
"2025-09-10 10:27:16","188.155.84.175","Zürich","CH","Cloudflare","","","","Mozilla/5.0 (Macintosh; Intel Mac OS X 10_15_7) AppleWebKit/605.1.15 (KHTML, like Gecko) Version/18.6 Safari/605.1.15"
"2025-09-10 10:27:17","188.155.84.175","Zürich","CH","Cloudflare","","","","Mozilla/5.0 (Macintosh; Intel Mac OS X 10_15_7) AppleWebKit/605.1.15 (KHTML, like Gecko) Version/18.6 Safari/605.1.15"
"2025-09-10 10:27:18","188.155.84.175","Zürich","CH","Cloudflare","","","","Mozilla/5.0 (Macintosh; Intel Mac OS X 10_15_7) AppleWebKit/605.1.15 (KHTML, like Gecko) Version/18.6 Safari/605.1.15"
"2025-09-10 10:27:20","188.155.84.175","Zürich","CH","Cloudflare","","","","Mozilla/5.0 (Macintosh; Intel Mac OS X 10_15_7) AppleWebKit/605.1.15 (KHTML, like Gecko) Version/18.6 Safari/605.1.15"
"2025-09-10 10:27:21","188.155.84.175","Zürich","CH","Cloudflare","","","","Mozilla/5.0 (Macintosh; Intel Mac OS X 10_15_7) AppleWebKit/605.1.15 (KHTML, like Gecko) Version/18.6 Safari/605.1.15"
"2025-09-10 10:27:22","188.155.84.175","Zürich","CH","Cloudflare","","","","Mozilla/5.0 (Macintosh; Intel Mac OS X 10_15_7) AppleWebKit/605.1.15 (KHTML, like Gecko) Version/18.6 Safari/605.1.15"
"2025-09-10 10:27:22","188.155.84.175","Zürich","CH","Cloudflare","","","","Mozilla/5.0 (Macintosh; Intel Mac OS X 10_15_7) AppleWebKit/605.1.15 (KHTML, like Gecko) Version/18.6 Safari/605.1.15"
"2025-09-10 10:27:23","188.155.84.175","Zürich","CH","Cloudflare","","","","Mozilla/5.0 (Macintosh; Intel Mac OS X 10_15_7) AppleWebKit/605.1.15 (KHTML, like Gecko) Version/18.6 Safari/605.1.15"
"2025-09-10 10:27:27","188.155.84.175","Zürich","CH","Cloudflare","","","","Mozilla/5.0 (iPhone; CPU iPhone OS 18_6_2 like Mac OS X) AppleWebKit/605.1.15 (KHTML, like Gecko) CriOS/140.0.7339.101 Mobile/15E148 Safari/604.1"
"2025-09-10 10:27:30","188.155.84.175","Zürich","CH","Cloudflare","","","","Mozilla/5.0 (iPhone; CPU iPhone OS 18_6_2 like Mac OS X) AppleWebKit/605.1.15 (KHTML, like Gecko) CriOS/140.0.7339.101 Mobile/15E148 Safari/604.1"
"2025-09-10 10:27:34","188.155.84.175","Zürich","CH","Cloudflare","","","","Mozilla/5.0 (Macintosh; Intel Mac OS X 10_15_7) AppleWebKit/605.1.15 (KHTML, like Gecko) Version/18.6 Safari/605.1.15"
"2025-09-10 10:27:35","188.155.84.175","Zürich","CH","Cloudflare","","","","Mozilla/5.0 (Macintosh; Intel Mac OS X 10_15_7) AppleWebKit/605.1.15 (KHTML, like Gecko) Version/18.6 Safari/605.1.15"
"2025-09-10 10:27:36","188.155.84.175","Zürich","CH","Cloudflare","","","","Mozilla/5.0 (Macintosh; Intel Mac OS X 10_15_7) AppleWebKit/605.1.15 (KHTML, like Gecko) Version/18.6 Safari/605.1.15"
"2025-09-10 10:27:37","188.155.84.175","Zürich","CH","Cloudflare","","","","Mozilla/5.0 (Macintosh; Intel Mac OS X 10_15_7) AppleWebKit/605.1.15 (KHTML, like Gecko) Version/18.6 Safari/605.1.15"
"2025-09-10 10:27:38","188.155.84.175","Zürich","CH","Cloudflare","","","","Mozilla/5.0 (Macintosh; Intel Mac OS X 10_15_7) AppleWebKit/605.1.15 (KHTML, like Gecko) Version/18.6 Safari/605.1.15"
"2025-09-10 10:27:39","188.155.84.175","Zürich","CH","Cloudflare","","","","Mozilla/5.0 (Macintosh; Intel Mac OS X 10_15_7) AppleWebKit/605.1.15 (KHTML, like Gecko) Version/18.6 Safari/605.1.15"
"2025-09-10 10:27:39","188.155.84.175","Zürich","CH","Cloudflare","","","","Mozilla/5.0 (Macintosh; Intel Mac OS X 10_15_7) AppleWebKit/605.1.15 (KHTML, like Gecko) Version/18.6 Safari/605.1.15"
"2025-09-10 10:27:40","188.155.84.175","Zürich","CH","Cloudflare","","","","Mozilla/5.0 (Macintosh; Intel Mac OS X 10_15_7) AppleWebKit/605.1.15 (KHTML, like Gecko) Version/18.6 Safari/605.1.15"
"2025-09-10 10:27:41","188.155.84.175","Zürich","CH","Cloudflare","","","","Mozilla/5.0 (Macintosh; Intel Mac OS X 10_15_7) AppleWebKit/605.1.15 (KHTML, like Gecko) Version/18.6 Safari/605.1.15"
"2025-09-10 10:27:42","188.155.84.175","Zürich","CH","Cloudflare","","","","Mozilla/5.0 (Macintosh; Intel Mac OS X 10_15_7) AppleWebKit/605.1.15 (KHTML, like Gecko) Version/18.6 Safari/605.1.15"
"2025-09-10 10:27:44","188.155.84.175","Zürich","CH","Cloudflare","","","","Mozilla/5.0 (Macintosh; Intel Mac OS X 10_15_7) AppleWebKit/605.1.15 (KHTML, like Gecko) Version/18.6 Safari/605.1.15"
"2025-09-10 10:27:48","188.155.84.175","Zürich","CH","Cloudflare","","","","Mozilla/5.0 (Macintosh; Intel Mac OS X 10_15_7) AppleWebKit/605.1.15 (KHTML, like Gecko) Version/18.6 Safari/605.1.15"
"2025-09-10 10:27:48","188.155.84.175","Zürich","CH","Cloudflare","","","","Mozilla/5.0 (Macintosh; Intel Mac OS X 10_15_7) AppleWebKit/605.1.15 (KHTML, like Gecko) Version/18.6 Safari/605.1.15"
"2025-09-10 10:27:52","188.155.84.175","Zürich","CH","Cloudflare","","","","Mozilla/5.0 (Macintosh; Intel Mac OS X 10_15_7) AppleWebKit/605.1.15 (KHTML, like Gecko) Version/18.6 Safari/605.1.15"
"2025-09-10 10:27:53","188.155.84.175","Zürich","CH","Cloudflare","","","","Mozilla/5.0 (Macintosh; Intel Mac OS X 10_15_7) AppleWebKit/605.1.15 (KHTML, like Gecko) Version/18.6 Safari/605.1.15"
"2025-09-10 10:27:55","188.155.84.175","Zürich","CH","Cloudflare","","","","Mozilla/5.0 (Macintosh; Intel Mac OS X 10_15_7) AppleWebKit/605.1.15 (KHTML, like Gecko) Version/18.6 Safari/605.1.15"
"2025-09-10 10:27:56","188.155.84.175","Zürich","CH","Cloudflare","","","","Mozilla/5.0 (Macintosh; Intel Mac OS X 10_15_7) AppleWebKit/605.1.15 (KHTML, like Gecko) Version/18.6 Safari/605.1.15"
"2025-09-10 10:27:57","188.155.84.175","Zürich","CH","Cloudflare","","","","Mozilla/5.0 (Macintosh; Intel Mac OS X 10_15_7) AppleWebKit/605.1.15 (KHTML, like Gecko) Version/18.6 Safari/605.1.15"
"2025-09-10 10:27:58","188.155.84.175","Zürich","CH","Cloudflare","","","","Mozilla/5.0 (Macintosh; Intel Mac OS X 10_15_7) AppleWebKit/605.1.15 (KHTML, like Gecko) Version/18.6 Safari/605.1.15"
"2025-09-10 10:27:59","188.155.84.175","Zürich","CH","Cloudflare","","","","Mozilla/5.0 (Macintosh; Intel Mac OS X 10_15_7) AppleWebKit/605.1.15 (KHTML, like Gecko) Version/18.6 Safari/605.1.15"
"2025-09-10 10:28:00","188.155.84.175","Zürich","CH","Cloudflare","","","","Mozilla/5.0 (Macintosh; Intel Mac OS X 10_15_7) AppleWebKit/605.1.15 (KHTML, like Gecko) Version/18.6 Safari/605.1.15"
"2025-09-10 10:28:01","188.155.84.175","Zürich","CH","Cloudflare","","","","Mozilla/5.0 (Macintosh; Intel Mac OS X 10_15_7) AppleWebKit/605.1.15 (KHTML, like Gecko) Version/18.6 Safari/605.1.15"
"2025-09-10 10:28:02","188.155.84.175","Zürich","CH","Cloudflare","","","","Mozilla/5.0 (Macintosh; Intel Mac OS X 10_15_7) AppleWebKit/605.1.15 (KHTML, like Gecko) Version/18.6 Safari/605.1.15"
"2025-09-10 10:28:03","188.155.84.175","Zürich","CH","Cloudflare","","","","Mozilla/5.0 (Macintosh; Intel Mac OS X 10_15_7) AppleWebKit/605.1.15 (KHTML, like Gecko) Version/18.6 Safari/605.1.15"
"2025-09-10 10:28:03","188.155.84.175","Zürich","CH","Cloudflare","","","","Mozilla/5.0 (Macintosh; Intel Mac OS X 10_15_7) AppleWebKit/605.1.15 (KHTML, like Gecko) Version/18.6 Safari/605.1.15"
"2025-09-10 10:28:06","188.155.84.175","Zürich","CH","Cloudflare","","","","Mozilla/5.0 (Macintosh; Intel Mac OS X 10_15_7) AppleWebKit/605.1.15 (KHTML, like Gecko) Version/18.6 Safari/605.1.15"
"2025-09-10 10:28:07","188.155.84.175","Zürich","CH","Cloudflare","","","","Mozilla/5.0 (Macintosh; Intel Mac OS X 10_15_7) AppleWebKit/605.1.15 (KHTML, like Gecko) Version/18.6 Safari/605.1.15"
"2025-09-10 10:28:08","188.155.84.175","Zürich","CH","Cloudflare","","","","Mozilla/5.0 (Macintosh; Intel Mac OS X 10_15_7) AppleWebKit/605.1.15 (KHTML, like Gecko) Version/18.6 Safari/605.1.15"
"2025-09-10 10:28:09","188.155.84.175","Zürich","CH","Cloudflare","","","","Mozilla/5.0 (Macintosh; Intel Mac OS X 10_15_7) AppleWebKit/605.1.15 (KHTML, like Gecko) Version/18.6 Safari/605.1.15"
"2025-09-10 10:28:10","188.155.84.175","Zürich","CH","Cloudflare","","","","Mozilla/5.0 (Macintosh; Intel Mac OS X 10_15_7) AppleWebKit/605.1.15 (KHTML, like Gecko) Version/18.6 Safari/605.1.15"
"2025-09-10 10:28:11","188.155.84.175","Zürich","CH","Cloudflare","","","","Mozilla/5.0 (Macintosh; Intel Mac OS X 10_15_7) AppleWebKit/605.1.15 (KHTML, like Gecko) Version/18.6 Safari/605.1.15"
"2025-09-10 10:28:12","188.155.84.175","Zürich","CH","Cloudflare","","","","Mozilla/5.0 (Macintosh; Intel Mac OS X 10_15_7) AppleWebKit/605.1.15 (KHTML, like Gecko) Version/18.6 Safari/605.1.15"
"2025-09-10 10:28:15","188.155.84.175","Zürich","CH","Cloudflare","","","","Mozilla/5.0 (Macintosh; Intel Mac OS X 10_15_7) AppleWebKit/537.36 (KHTML, like Gecko) Chrome/139.0.0.0 Safari/537.36"
"2025-09-10 10:28:17","188.155.84.175","Zürich","CH","Cloudflare","","","","Mozilla/5.0 (Macintosh; Intel Mac OS X 10_15_7) AppleWebKit/537.36 (KHTML, like Gecko) Chrome/139.0.0.0 Safari/537.36"
"2025-09-10 10:28:18","188.155.84.175","Zürich","CH","Cloudflare","","","","Mozilla/5.0 (Macintosh; Intel Mac OS X 10_15_7) AppleWebKit/537.36 (KHTML, like Gecko) Chrome/139.0.0.0 Safari/537.36"
"2025-09-10 10:28:21","188.155.84.175","Zürich","CH","Cloudflare","","","","Mozilla/5.0 (Macintosh; Intel Mac OS X 10_15_7) AppleWebKit/537.36 (KHTML, like Gecko) Chrome/139.0.0.0 Safari/537.36"
"2025-09-10 10:28:22","188.155.84.175","Zürich","CH","Cloudflare","","","","Mozilla/5.0 (Macintosh; Intel Mac OS X 10_15_7) AppleWebKit/537.36 (KHTML, like Gecko) Chrome/139.0.0.0 Safari/537.36"
"2025-09-10 10:28:23","188.155.84.175","Zürich","CH","Cloudflare","","","","Mozilla/5.0 (Macintosh; Intel Mac OS X 10_15_7) AppleWebKit/537.36 (KHTML, like Gecko) Chrome/139.0.0.0 Safari/537.36"
"2025-09-10 10:28:24","188.155.84.175","Zürich","CH","Cloudflare","","","","Mozilla/5.0 (Macintosh; Intel Mac OS X 10_15_7) AppleWebKit/537.36 (KHTML, like Gecko) Chrome/139.0.0.0 Safari/537.36"
"2025-09-10 10:28:26","188.155.84.175","Zürich","CH","Cloudflare","","","","Mozilla/5.0 (Macintosh; Intel Mac OS X 10_15_7) AppleWebKit/537.36 (KHTML, like Gecko) Chrome/139.0.0.0 Safari/537.36"
"2025-09-10 10:28:31","188.155.84.175","Zürich","CH","Cloudflare","","","","Mozilla/5.0 (Macintosh; Intel Mac OS X 10_15_7) AppleWebKit/537.36 (KHTML, like Gecko) Chrome/139.0.0.0 Safari/537.36"
"2025-09-10 10:28:32","188.155.84.175","Zürich","CH","Cloudflare","","","","Mozilla/5.0 (Macintosh; Intel Mac OS X 10_15_7) AppleWebKit/537.36 (KHTML, like Gecko) Chrome/139.0.0.0 Safari/537.36"
"2025-09-10 10:28:34","188.155.84.175","Zürich","CH","Cloudflare","","","","Mozilla/5.0 (Macintosh; Intel Mac OS X 10_15_7) AppleWebKit/537.36 (KHTML, like Gecko) Chrome/139.0.0.0 Safari/537.36"
"2025-09-10 10:28:36","188.155.84.175","Zürich","CH","Cloudflare","","","","Mozilla/5.0 (Macintosh; Intel Mac OS X 10_15_7) AppleWebKit/537.36 (KHTML, like Gecko) Chrome/139.0.0.0 Safari/537.36"
"2025-09-10 10:28:38","188.155.84.175","Zürich","CH","Cloudflare","","","","Mozilla/5.0 (Macintosh; Intel Mac OS X 10_15_7) AppleWebKit/537.36 (KHTML, like Gecko) Chrome/139.0.0.0 Safari/537.36"
"2025-09-10 10:28:39","188.155.84.175","Zürich","CH","Cloudflare","","","","Mozilla/5.0 (Macintosh; Intel Mac OS X 10_15_7) AppleWebKit/537.36 (KHTML, like Gecko) Chrome/139.0.0.0 Safari/537.36"
"2025-09-10 10:28:40","188.155.84.175","Zürich","CH","Cloudflare","","","","Mozilla/5.0 (Macintosh; Intel Mac OS X 10_15_7) AppleWebKit/537.36 (KHTML, like Gecko) Chrome/139.0.0.0 Safari/537.36"
"2025-09-10 10:28:40","188.155.84.175","Zürich","CH","Cloudflare","","","","Mozilla/5.0 (Macintosh; Intel Mac OS X 10_15_7) AppleWebKit/537.36 (KHTML, like Gecko) Chrome/139.0.0.0 Safari/537.36"
"2025-09-10 10:28:41","188.155.84.175","Zürich","CH","Cloudflare","","","","Mozilla/5.0 (Macintosh; Intel Mac OS X 10_15_7) AppleWebKit/537.36 (KHTML, like Gecko) Chrome/139.0.0.0 Safari/537.36"
"2025-09-10 10:28:42","188.155.84.175","Zürich","CH","Cloudflare","","","","Mozilla/5.0 (Macintosh; Intel Mac OS X 10_15_7) AppleWebKit/537.36 (KHTML, like Gecko) Chrome/139.0.0.0 Safari/537.36"
"2025-09-10 10:28:43","188.155.84.175","Zürich","CH","Cloudflare","","","","Mozilla/5.0 (Macintosh; Intel Mac OS X 10_15_7) AppleWebKit/537.36 (KHTML, like Gecko) Chrome/139.0.0.0 Safari/537.36"
"2025-09-10 10:28:44","188.155.84.175","Zürich","CH","Cloudflare","","","","Mozilla/5.0 (Macintosh; Intel Mac OS X 10_15_7) AppleWebKit/537.36 (KHTML, like Gecko) Chrome/139.0.0.0 Safari/537.36"
"2025-09-10 10:28:45","188.155.84.175","Zürich","CH","Cloudflare","","","","Mozilla/5.0 (Macintosh; Intel Mac OS X 10_15_7) AppleWebKit/537.36 (KHTML, like Gecko) Chrome/139.0.0.0 Safari/537.36"
"2025-09-10 10:28:46","188.155.84.175","Zürich","CH","Cloudflare","","","","Mozilla/5.0 (Macintosh; Intel Mac OS X 10_15_7) AppleWebKit/537.36 (KHTML, like Gecko) Chrome/139.0.0.0 Safari/537.36"
"2025-09-10 10:28:47","188.155.84.175","Zürich","CH","Cloudflare","","","","Mozilla/5.0 (Macintosh; Intel Mac OS X 10_15_7) AppleWebKit/537.36 (KHTML, like Gecko) Chrome/139.0.0.0 Safari/537.36"
"2025-09-10 10:28:48","188.155.84.175","Zürich","CH","Cloudflare","","","","Mozilla/5.0 (Macintosh; Intel Mac OS X 10_15_7) AppleWebKit/537.36 (KHTML, like Gecko) Chrome/139.0.0.0 Safari/537.36"
